what,kind,bundleId,bundleVersion,description,time
stopped,bundle,com.adobe.flexbuilder.dcrad,4.0.1.277662,"com.adobe.flexbuilder.dcrad",1293016860968
stopped,bundle,com.adobe.flexbuilder.debug.ui,4.0.1.277662,"com.adobe.flexbuilder.debug.ui",1293016860968
stopped,bundle,com.adobe.flexbuilder.mxml.editor,4.0.1.277662,"com.adobe.flexbuilder.mxml.editor",1293016860968
stopped,bundle,com.adobe.flexbuilder.css.editor,4.0.1.277662,"com.adobe.flexbuilder.css.editor",1293016861046
stopped,bundle,com.adobe.flexbuilder.flashbridge,4.0.1.277662,"com.adobe.flexbuilder.flashbridge",1293016861046
stopped,bundle,com.adobe.flexbuilder.flexunit,4.0.1.277662,"com.adobe.flexbuilder.flexunit",1293016861046
stopped,bundle,com.adobe.flexbuilder.as.editor,4.0.1.277662,"com.adobe.flexbuilder.as.editor",1293016861046
stopped,bundle,com.adobe.flexbuilder.exportimport,4.0.1.277662,"com.adobe.flexbuilder.exportimport",1293016861046
stopped,bundle,com.adobe.flexbuilder.importartwork,4.0.1.277662,"com.adobe.flexbuilder.importartwork",1293016861046
stopped,bundle,com.adobe.flexbuilder.tengine,4.0.1.277662,"com.adobe.flexbuilder.tengine",1293016861046
stopped,bundle,com.adobe.flexbuilder.editorcore,4.0.1.277662,"com.adobe.flexbuilder.editorcore",1293016861062
stopped,bundle,com.adobe.flexbuilder.launching.ui,4.0.1.277662,"com.adobe.flexbuilder.launching.ui",1293016861062
stopped,bundle,com.adobe.flexbuilder.designview,4.0.1.277662,"com.adobe.flexbuilder.designview",1293016861062
stopped,bundle,com.adobe.flexbuilder.project.ui,4.0.1.277662,"com.adobe.flexbuilder.project.ui",1293016861062
stopped,bundle,com.adobe.flexbuilder.debug,4.0.1.277662,"com.adobe.flexbuilder.debug",1293016861062
stopped,bundle,com.adobe.flash.profiler,4.0.1.277662,"com.adobe.flash.profiler",1293016861062
stopped,bundle,com.adobe.flexide.exportimport,4.0.1.277662,"com.adobe.flexide.exportimport",1293016861078
stopped,bundle,com.adobe.flexide.fonts,4.0.1.277662,"com.adobe.flexide.fonts",1293016861078
stopped,bundle,com.adobe.flexide.designitems,4.0.1.277662,"com.adobe.flexide.designitems",1293016861078
stopped,bundle,com.adobe.flexide.refactoring.core,4.0.1.277662,"com.adobe.flexide.refactoring.core",1293016861078
stopped,bundle,com.adobe.flexide.mxml.core,4.0.1.277662,"com.adobe.flexide.mxml.core",1293016861078
stopped,bundle,com.adobe.flexide.css.core,4.0.1.277662,"com.adobe.flexide.css.core",1293016861078
stopped,bundle,com.adobe.flexbuilder.monitors.network,4.0.1.277662,"com.adobe.flexbuilder.monitors.network",1293016861078
stopped,bundle,com.adobe.flexide.as.core,4.0.1.277662,"com.adobe.flexide.as.core",1293016861078
stopped,bundle,com.adobe.flexide.externaleditors,4.0.1.277662,"com.adobe.flexide.externaleditors",1293016861078
stopped,bundle,com.adobe.flexide.editorcore,4.0.1.277662,"com.adobe.flexide.editorcore",1293016861078
stopped,bundle,com.adobe.flexbuilder.mxmlmodel,4.0.1.277662,"com.adobe.flexbuilder.mxmlmodel",1293016861078
stopped,bundle,com.adobe.flexide.launching,4.0.1.277662,"com.adobe.flexide.launching",1293016861078
stopped,bundle,com.adobe.flexbuilder.codemodel,4.0.1.277662,"com.adobe.flexbuilder.codemodel",1293016861187
stopped,bundle,com.adobe.flexbuilder.multisdk,4.0.1.277662,"com.adobe.flexbuilder.multisdk",1293016861187
stopped,bundle,com.adobe.flexbuilder.ui,4.0.1.277662,"com.adobe.flexbuilder.ui",1293016861187
stopped,bundle,com.adobe.flexide.playerview,4.0.1.277662,"com.adobe.flexide.playerview",1293016861187
stopped,bundle,com.adobe.flexide.embeddedplayer,4.0.1.277662,"com.adobe.flexide.embeddedplayer",1293016861187
stopped,bundle,com.adobe.flexbuilder.project,4.0.1.277662,"com.adobe.flexbuilder.project",1293016861187
stopped,bundle,com.adobe.flexbuilder.editors.derived,4.0.1.277662,"com.adobe.flexbuilder.editors.derived",1293016861187
stopped,bundle,org.eclipse.search,3.6.0.v20100520-0800,"org.eclipse.search",1293016861203
stopped,bundle,org.eclipse.mylyn.team.ui,3.4.2.v20100909-0100-e3x,"org.eclipse.mylyn.team.ui",1293016861203
stopped,bundle,org.eclipse.ui.navigator.resources,3.4.201.M20100707-0800,"org.eclipse.ui.navigator.resources",1293016861203
stopped,bundle,org.eclipse.ltk.ui.refactoring,3.5.0.v20100526-0800,"org.eclipse.ltk.ui.refactoring",1293016861203
stopped,bundle,org.eclipse.mylyn.bugzilla.ui,3.4.2.v20100909-0100-e3x,"org.eclipse.mylyn.bugzilla.ui",1293016861203
activated,perspective,com.adobe.flexbuilder.mxml.editor,,"com.adobe.flexbuilder.editors.mxml.ui.perspectives.development",1294816320968
started,bundle,org.eclipse.osgi,3.6.1.R36x_v20100806,"org.eclipse.osgi",1294816320968
started,bundle,org.eclipse.equinox.simpleconfigurator,1.0.200.v20100503,"org.eclipse.equinox.simpleconfigurator",1294816320984
started,bundle,com.ibm.icu,4.2.1.v20100412,"com.ibm.icu",1294816320984
started,bundle,org.eclipse.compare.core,3.5.100.I20100526-0800,"org.eclipse.compare.core",1294816320984
started,bundle,org.eclipse.core.contenttype,3.4.100.v20100505-1235,"org.eclipse.core.contenttype",1294816320984
started,bundle,org.eclipse.core.databinding.observable,1.3.0.I20100601-0800,"org.eclipse.core.databinding.observable",1294816320984
started,bundle,org.eclipse.core.expressions,3.4.200.v20100505,"org.eclipse.core.expressions",1294816320984
started,bundle,org.eclipse.core.filebuffers,3.5.100.v20100520-0800,"org.eclipse.core.filebuffers",1294816320984
started,bundle,org.eclipse.core.filesystem,1.3.1.R36x_v20100727-0745,"org.eclipse.core.filesystem",1294816320984
started,bundle,org.eclipse.core.jobs,3.5.1.R36x_v20100824,"org.eclipse.core.jobs",1294816320984
started,bundle,org.eclipse.core.net,1.2.100.I20100511-0800,"org.eclipse.core.net",1294816320984
started,bundle,org.eclipse.core.resources,3.6.0.R36x_v20100825-0600,"org.eclipse.core.resources",1294816320984
started,bundle,org.eclipse.core.runtime,3.6.0.v20100505,"org.eclipse.core.runtime",1294816320984
started,bundle,org.eclipse.core.runtime.compatibility,3.2.100.v20100505,"org.eclipse.core.runtime.compatibility",1294816321000
started,bundle,org.eclipse.core.runtime.compatibility.auth,3.2.200.v20100517,"org.eclipse.core.runtime.compatibility.auth",1294816321000
started,bundle,org.eclipse.debug.core,3.6.0.v20100519,"org.eclipse.debug.core",1294816321000
started,bundle,org.eclipse.debug.ui,3.6.1.v20100901_r361,"org.eclipse.debug.ui",1294816321031
started,bundle,org.eclipse.epp.usagedata.gathering,1.3.0.R201005261100,"org.eclipse.epp.usagedata.gathering",1294816321031
started,bundle,org.eclipse.equinox.app,1.3.1.R36x_v20100803,"org.eclipse.equinox.app",1294816321031
started,bundle,org.eclipse.equinox.common,3.6.0.v20100503,"org.eclipse.equinox.common",1294816321031
started,bundle,org.eclipse.equinox.ds,1.2.1.R36x_v20100803,"org.eclipse.equinox.ds",1294816321031
started,bundle,org.eclipse.equinox.event,1.2.0.v20100503,"org.eclipse.equinox.event",1294816321031
started,bundle,org.eclipse.equinox.p2.core,2.0.2.R36x_v20100804,"org.eclipse.equinox.p2.core",1294816321031
started,bundle,org.eclipse.equinox.p2.directorywatcher,1.0.202.R36x_v20100727,"org.eclipse.equinox.p2.directorywatcher",1294816321031
started,bundle,org.eclipse.equinox.p2.engine,2.0.0.v20100606,"org.eclipse.equinox.p2.engine",1294816321031
started,bundle,org.eclipse.equinox.p2.metadata,2.0.0.v20100601,"org.eclipse.equinox.p2.metadata",1294816321031
started,bundle,org.eclipse.equinox.p2.metadata.repository,1.1.0.v20100513,"org.eclipse.equinox.p2.metadata.repository",1294816321031
started,bundle,org.eclipse.equinox.p2.operations,2.0.0.v20100510,"org.eclipse.equinox.p2.operations",1294816321046
started,bundle,org.eclipse.equinox.p2.publisher,1.1.2.v20100824-2220,"org.eclipse.equinox.p2.publisher",1294816321046
started,bundle,org.eclipse.equinox.p2.reconciler.dropins,1.1.0.v20100525,"org.eclipse.equinox.p2.reconciler.dropins",1294816321046
started,bundle,org.eclipse.equinox.p2.repository,2.0.1.R36x_v20100823,"org.eclipse.equinox.p2.repository",1294816321046
started,bundle,org.eclipse.equinox.p2.ui.sdk.scheduler,1.0.0.v20100507-1815,"org.eclipse.equinox.p2.ui.sdk.scheduler",1294816321046
started,bundle,org.eclipse.equinox.p2.updatechecker,1.1.101.R36x_v20100823,"org.eclipse.equinox.p2.updatechecker",1294816321046
started,bundle,org.eclipse.equinox.preferences,3.3.0.v20100503,"org.eclipse.equinox.preferences",1294816321046
started,bundle,org.eclipse.equinox.registry,3.5.0.v20100503,"org.eclipse.equinox.registry",1294816321046
started,bundle,org.eclipse.equinox.security,1.0.200.v20100503,"org.eclipse.equinox.security",1294816321078
started,bundle,org.eclipse.equinox.util,1.0.200.v20100503,"org.eclipse.equinox.util",1294816321078
started,bundle,org.eclipse.help,3.5.0.v20100524,"org.eclipse.help",1294816321093
started,bundle,org.eclipse.jdt.core,3.6.1.v_A68_R36x,"org.eclipse.jdt.core",1294816321093
started,bundle,org.eclipse.jdt.core.manipulation,1.3.0.v20100520-0800,"org.eclipse.jdt.core.manipulation",1294816321093
started,bundle,org.eclipse.jdt.ui,3.6.1.r361_v20100825-0800,"org.eclipse.jdt.ui",1294816321125
started,bundle,org.eclipse.jface,3.6.1.M20100825-0800,"org.eclipse.jface",1294816321125
started,bundle,org.eclipse.jsch.core,1.1.200.I20100505-1245,"org.eclipse.jsch.core",1294816321125
started,bundle,org.eclipse.ltk.core.refactoring,3.5.100.v20100526-0800,"org.eclipse.ltk.core.refactoring",1294816321125
started,bundle,org.eclipse.ltk.ui.refactoring,3.5.0.v20100526-0800,"org.eclipse.ltk.ui.refactoring",1294816321125
started,bundle,org.eclipse.mylyn.bugzilla.core,3.4.2.v20100902-0100-e3x,"org.eclipse.mylyn.bugzilla.core",1294816321125
started,bundle,org.eclipse.mylyn.bugzilla.ui,3.4.2.v20100909-0100-e3x,"org.eclipse.mylyn.bugzilla.ui",1294816321156
started,bundle,org.eclipse.mylyn.commons.net,3.4.1.v20100625-2100-e3x,"org.eclipse.mylyn.commons.net",1294816321156
started,bundle,org.eclipse.mylyn.commons.ui,3.4.0.v20100608-0100-e3x,"org.eclipse.mylyn.commons.ui",1294816321156
started,bundle,org.eclipse.mylyn.context.core,3.4.1.v20100909-0100-e3x,"org.eclipse.mylyn.context.core",1294816321156
started,bundle,org.eclipse.mylyn.context.ui,3.4.1.v20100909-0100-e3x,"org.eclipse.mylyn.context.ui",1294816321171
started,bundle,org.eclipse.mylyn.monitor.ui,3.4.0.v20100608-0100-e3x,"org.eclipse.mylyn.monitor.ui",1294816321171
started,bundle,org.eclipse.mylyn.tasks.ui,3.4.2.v20100902-0100-e3x,"org.eclipse.mylyn.tasks.ui",1294816321187
started,bundle,org.eclipse.mylyn.team.ui,3.4.2.v20100909-0100-e3x,"org.eclipse.mylyn.team.ui",1294816321187
started,bundle,org.eclipse.search,3.6.0.v20100520-0800,"org.eclipse.search",1294816321187
started,bundle,org.eclipse.team.core,3.5.100.R36x_v20100825-0800,"org.eclipse.team.core",1294816321187
started,bundle,org.eclipse.team.cvs.core,3.3.300.I20100526-0800,"org.eclipse.team.cvs.core",1294816321187
started,bundle,org.eclipse.team.ui,3.5.101.R36x_v20100825-0800,"org.eclipse.team.ui",1294816321218
started,bundle,org.eclipse.ui,3.6.1.M20100826-1330,"org.eclipse.ui",1294816321234
started,bundle,org.eclipse.ui.console,3.5.0.v20100526,"org.eclipse.ui.console",1294816321234
started,bundle,org.eclipse.ui.editors,3.6.1.r361_v20100825-0800,"org.eclipse.ui.editors",1294816321234
started,bundle,org.eclipse.ui.forms,3.5.2.r36_v20100702,"org.eclipse.ui.forms",1294816321234
started,bundle,org.eclipse.ui.ide,3.6.1.M20100825-0800,"org.eclipse.ui.ide",1294816321250
started,bundle,org.eclipse.ui.net,1.2.100.I20100505-1245,"org.eclipse.ui.net",1294816321250
started,bundle,org.eclipse.ui.views,3.5.0.I20100527-0800,"org.eclipse.ui.views",1294816321250
started,bundle,org.eclipse.ui.workbench,3.6.1.M20100826-1330,"org.eclipse.ui.workbench",1294816321250
started,bundle,org.eclipse.ui.workbench.texteditor,3.6.1.r361_v20100714-0800,"org.eclipse.ui.workbench.texteditor",1294816321265
started,bundle,org.eclipse.update.configurator,3.3.100.v20100512,"org.eclipse.update.configurator",1294816321265
started,bundle,org.eclipse.update.core,3.2.402.R36x_v20100629,"org.eclipse.update.core",1294816321328
started,bundle,org.eclipse.update.scheduler,3.2.300.v20100512,"org.eclipse.update.scheduler",1294816321328
started,bundle,com.adobe.flash.codemodel.core,4.0.1.277662,"com.adobe.flash.codemodel.core",1294816321359
started,bundle,com.adobe.flash.codemodel.osgi,4.0.1.277662,"com.adobe.flash.codemodel.osgi",1294816321375
started,bundle,com.adobe.flash.profiler,4.0.1.277662,"com.adobe.flash.profiler",1294816321406
started,bundle,com.adobe.flexbuilder.ajaxbridge,4.0.1.277662,"com.adobe.flexbuilder.ajaxbridge",1294816321437
started,bundle,com.adobe.flexbuilder.as.editor,4.0.1.277662,"com.adobe.flexbuilder.as.editor",1294816321468
started,bundle,com.adobe.flexbuilder.codemodel,4.0.1.277662,"com.adobe.flexbuilder.codemodel",1294816321500
started,bundle,com.adobe.flexbuilder.dcrad,4.0.1.277662,"com.adobe.flexbuilder.dcrad",1294816321546
started,bundle,com.adobe.flexbuilder.debug,4.0.1.277662,"com.adobe.flexbuilder.debug",1294816321562
started,bundle,com.adobe.flexbuilder.debug.ui,4.0.1.277662,"com.adobe.flexbuilder.debug.ui",1294816321578
started,bundle,com.adobe.flexbuilder.designview,4.0.1.277662,"com.adobe.flexbuilder.designview",1294816321578
started,bundle,com.adobe.flexbuilder.editorcore,4.0.1.277662,"com.adobe.flexbuilder.editorcore",1294816321625
started,bundle,com.adobe.flexbuilder.editors.derived,4.0.1.277662,"com.adobe.flexbuilder.editors.derived",1294816321640
started,bundle,com.adobe.flexbuilder.exportimport,4.0.1.277662,"com.adobe.flexbuilder.exportimport",1294816321671
started,bundle,com.adobe.flexbuilder.flashbridge,4.0.1.277662,"com.adobe.flexbuilder.flashbridge",1294816321687
started,bundle,com.adobe.flexbuilder.flexunit,4.0.1.277662,"com.adobe.flexbuilder.flexunit",1294816321718
started,bundle,com.adobe.flexbuilder.importartwork,4.0.1.277662,"com.adobe.flexbuilder.importartwork",1294816321750
started,bundle,com.adobe.flexbuilder.launching.ui,4.0.1.277662,"com.adobe.flexbuilder.launching.ui",1294816321781
started,bundle,com.adobe.flexbuilder.multisdk,4.0.1.277662,"com.adobe.flexbuilder.multisdk",1294816321781
started,bundle,com.adobe.flexbuilder.mxml.editor,4.0.1.277662,"com.adobe.flexbuilder.mxml.editor",1294816321796
started,bundle,com.adobe.flexbuilder.mxmlmodel,4.0.1.277662,"com.adobe.flexbuilder.mxmlmodel",1294816321812
started,bundle,com.adobe.flexbuilder.project,4.0.1.277662,"com.adobe.flexbuilder.project",1294816321812
started,bundle,com.adobe.flexbuilder.project.ui,4.0.1.277662,"com.adobe.flexbuilder.project.ui",1294816321843
started,bundle,com.adobe.flexbuilder.ui,4.0.1.277662,"com.adobe.flexbuilder.ui",1294816321859
started,bundle,com.adobe.flexbuilder.utils.osnative,4.0.1.277662,"com.adobe.flexbuilder.utils.osnative",1294816321859
started,bundle,com.adobe.flexide.amt,4.0.1.277662,"com.adobe.flexide.amt",1294816321859
started,bundle,com.adobe.flexide.as.core,4.0.1.277662,"com.adobe.flexide.as.core",1294816321890
started,bundle,com.adobe.flexide.css.core,4.0.1.277662,"com.adobe.flexide.css.core",1294816321890
started,bundle,com.adobe.flexide.designitems,4.0.1.277662,"com.adobe.flexide.designitems",1294816321921
started,bundle,com.adobe.flexide.editorcore,4.0.1.277662,"com.adobe.flexide.editorcore",1294816321937
started,bundle,com.adobe.flexide.externaleditors,4.0.1.277662,"com.adobe.flexide.externaleditors",1294816321937
started,bundle,com.adobe.flexide.launching,4.0.1.277662,"com.adobe.flexide.launching",1294816321968
started,bundle,com.adobe.flexide.mxml.core,4.0.1.277662,"com.adobe.flexide.mxml.core",1294816321984
started,bundle,com.adobe.flexide.nativelibs,4.0.1.277662,"com.adobe.flexide.nativelibs",1294816321984
started,bundle,com.adobe.flexide.refactoring.core,4.0.1.277662,"com.adobe.flexide.refactoring.core",1294816321984
started,bundle,com.adobe.model.core,1.0.2.v20100315273147,"com.adobe.model.core",1294816322000
os,sysinfo,,,"win32",1294816322000
arch,sysinfo,,,"x86",1294816322000
ws,sysinfo,,,"win32",1294816322000
locale,sysinfo,,,"ko_KR",1294816322000
processors,sysinfo,,,"4",1294816322000
java.runtime.name,sysinfo,,,"Java(TM) SE Runtime Environment",1294816322000
java.runtime.version,sysinfo,,,"1.6.0_21-b07",1294816322000
java.specification.name,sysinfo,,,"Java Platform API Specification",1294816322000
java.specification.vendor,sysinfo,,,"Sun Microsystems Inc.",1294816322000
java.specification.version,sysinfo,,,"1.6",1294816322000
java.vendor,sysinfo,,,"Sun Microsystems Inc.",1294816322000
java.version,sysinfo,,,"1.6.0_21",1294816322000
java.vm.info,sysinfo,,,"mixed mode",1294816322000
java.vm.name,sysinfo,,,"Java HotSpot(TM) Client VM",1294816322000
java.vm.specification.name,sysinfo,,,"Java Virtual Machine Specification",1294816322000
java.vm.specification.vendor,sysinfo,,,"Sun Microsystems Inc.",1294816322000
java.vm.specification.version,sysinfo,,,"1.0",1294816322000
java.vm.vendor,sysinfo,,,"Sun Microsystems Inc.",1294816322000
java.vm.version,sysinfo,,,"17.0-b17",1294816322000
started,bundle,org.eclipse.epp.usagedata.ui,1.3.0.R201005261100,"org.eclipse.epp.usagedata.ui",1294816323109
activated,workbench,org.eclipse.ui.workbench,3.6.1.M20100826-1330,"",1294816329890
deactivated,workbench,org.eclipse.ui.workbench,3.6.1.M20100826-1330,"",1294816332078
activated,workbench,org.eclipse.ui.workbench,3.6.1.M20100826-1330,"",1294816332156
deactivated,workbench,org.eclipse.ui.workbench,3.6.1.M20100826-1330,"",1294816332750
activated,workbench,org.eclipse.ui.workbench,3.6.1.M20100826-1330,"",1294816333562
deactivated,workbench,org.eclipse.ui.workbench,3.6.1.M20100826-1330,"",1294816333593
activated,workbench,org.eclipse.ui.workbench,3.6.1.M20100826-1330,"",1294816333984
deactivated,workbench,org.eclipse.ui.workbench,3.6.1.M20100826-1330,"",1294816334000
activated,workbench,org.eclipse.ui.workbench,3.6.1.M20100826-1330,"",1294816334296
deactivated,workbench,org.eclipse.ui.workbench,3.6.1.M20100826-1330,"",1294816334328
activated,workbench,org.eclipse.ui.workbench,3.6.1.M20100826-1330,"",1294816334546
deactivated,workbench,org.eclipse.ui.workbench,3.6.1.M20100826-1330,"",1294816334578
activated,workbench,org.eclipse.ui.workbench,3.6.1.M20100826-1330,"",1294816334593
deactivated,workbench,org.eclipse.ui.workbench,3.6.1.M20100826-1330,"",1294816334625
activated,workbench,org.eclipse.ui.workbench,3.6.1.M20100826-1330,"",1294816334640
deactivated,workbench,org.eclipse.ui.workbench,3.6.1.M20100826-1330,"",1294816334671
activated,workbench,org.eclipse.ui.workbench,3.6.1.M20100826-1330,"",1294816334687
deactivated,workbench,org.eclipse.ui.workbench,3.6.1.M20100826-1330,"",1294816334734
activated,workbench,org.eclipse.ui.workbench,3.6.1.M20100826-1330,"",1294816334750
deactivated,workbench,org.eclipse.ui.workbench,3.6.1.M20100826-1330,"",1294816334781
activated,workbench,org.eclipse.ui.workbench,3.6.1.M20100826-1330,"",1294816334796
deactivated,workbench,org.eclipse.ui.workbench,3.6.1.M20100826-1330,"",1294816334828
activated,workbench,org.eclipse.ui.workbench,3.6.1.M20100826-1330,"",1294816334859
deactivated,workbench,org.eclipse.ui.workbench,3.6.1.M20100826-1330,"",1294816334875
activated,workbench,org.eclipse.ui.workbench,3.6.1.M20100826-1330,"",1294816334906
deactivated,workbench,org.eclipse.ui.workbench,3.6.1.M20100826-1330,"",1294816334921
activated,workbench,org.eclipse.ui.workbench,3.6.1.M20100826-1330,"",1294816334953
deactivated,workbench,org.eclipse.ui.workbench,3.6.1.M20100826-1330,"",1294816334968
activated,workbench,org.eclipse.ui.workbench,3.6.1.M20100826-1330,"",1294816335000
executed,command,org.eclipse.ui,3.6.1.M20100826-1330,"org.eclipse.ui.ToggleCoolbarAction",1294816338578
deactivated,workbench,org.eclipse.ui.workbench,3.6.1.M20100826-1330,"",1294816339875
activated,workbench,org.eclipse.ui.workbench,3.6.1.M20100826-1330,"",1294816346265
activated,view,com.adobe.flexbuilder.as.editor,4.0.1.277662,"com.adobe.flexbuilder.packageexplorer",1294816346359
deactivated,workbench,org.eclipse.ui.workbench,3.6.1.M20100826-1330,"",1294816354515
activated,workbench,org.eclipse.ui.workbench,3.6.1.M20100826-1330,"",1294816408250
activated,editor,com.adobe.flexbuilder.mxml.editor,4.0.1.277662,"com.adobe.flexbuilder.editors.mxml.MXMLEditor",1294816414203
opened,view,com.adobe.flexbuilder.mxml.editor,4.0.1.277662,"com.adobe.flexbuilder.mxml.editor.states.StatesViewer",1294816414296
activated,view,com.adobe.flexbuilder.mxml.editor,4.0.1.277662,"com.adobe.flexbuilder.mxml.editor.states.StatesViewer",1294816414359
opened,view,com.adobe.flexbuilder.mxml.editor,4.0.1.277662,"com.adobe.flexbuilder.mxml.editor.components.ComponentsView",1294816415593
activated,view,com.adobe.flexbuilder.mxml.editor,4.0.1.277662,"com.adobe.flexbuilder.mxml.editor.components.ComponentsView",1294816415609
opened,view,com.adobe.flexbuilder.mxml.editor,4.0.1.277662,"com.adobe.flexbuilder.mxml.editor.inspector.view.PropertiesView",1294816415796
activated,view,com.adobe.flexbuilder.mxml.editor,4.0.1.277662,"com.adobe.flexbuilder.mxml.editor.inspector.view.PropertiesView",1294816416046
started,bundle,com.adobe.flexbuilder.css.editor,4.0.1.277662,"com.adobe.flexbuilder.css.editor",1294816416296
opened,view,com.adobe.flexbuilder.mxml.editor,4.0.1.277662,"com.adobe.flexbuilder.mxml.editor.AppearanceView",1294816417125
activated,view,com.adobe.flexbuilder.as.editor,4.0.1.277662,"com.adobe.flexbuilder.packageexplorer",1294816417140
activated,view,org.eclipse.ui.ide,3.6.1.M20100825-0800,"org.eclipse.ui.views.ProblemView",1294816417156
activated,view,com.adobe.flexbuilder.mxml.editor,4.0.1.277662,"com.adobe.flexbuilder.mxml.editor.states.StatesViewer",1294816417187
activated,editor,com.adobe.flexbuilder.mxml.editor,4.0.1.277662,"com.adobe.flexbuilder.editors.mxml.MXMLEditor",1294816417187
started,bundle,com.adobe.flexide.playerview,4.0.1.277662,"com.adobe.flexide.playerview",1294816418187
started,bundle,com.adobe.flexide.embeddedplayer,4.0.1.277662,"com.adobe.flexide.embeddedplayer",1294816418359
deactivated,workbench,org.eclipse.ui.workbench,3.6.1.M20100826-1330,"",1294816422953
activated,workbench,org.eclipse.ui.workbench,3.6.1.M20100826-1330,"",1294816424562
opened,editor,com.adobe.flexbuilder.mxml.editor,4.0.1.277662,"com.adobe.flexbuilder.editors.mxml.MXMLEditor",1294816425062
activated,editor,com.adobe.flexbuilder.mxml.editor,4.0.1.277662,"com.adobe.flexbuilder.editors.mxml.MXMLEditor",1294816425703
closed,view,com.adobe.flexbuilder.mxml.editor,4.0.1.277662,"com.adobe.flexbuilder.mxml.editor.states.StatesViewer",1294816425953
closed,view,com.adobe.flexbuilder.mxml.editor,4.0.1.277662,"com.adobe.flexbuilder.mxml.editor.components.ComponentsView",1294816425968
closed,view,com.adobe.flexbuilder.mxml.editor,4.0.1.277662,"com.adobe.flexbuilder.mxml.editor.inspector.view.PropertiesView",1294816425984
closed,view,com.adobe.flexbuilder.mxml.editor,4.0.1.277662,"com.adobe.flexbuilder.mxml.editor.AppearanceView",1294816426031
activated,view,com.adobe.flexbuilder.as.editor,4.0.1.277662,"com.adobe.flexbuilder.packageexplorer",1294816426046
activated,view,org.eclipse.ui.ide,3.6.1.M20100825-0800,"org.eclipse.ui.views.ProblemView",1294816426062
activated,editor,com.adobe.flexbuilder.mxml.editor,4.0.1.277662,"com.adobe.flexbuilder.editors.mxml.MXMLEditor",1294816426078
deactivated,workbench,org.eclipse.ui.workbench,3.6.1.M20100826-1330,"",1294816429796
activated,workbench,org.eclipse.ui.workbench,3.6.1.M20100826-1330,"",1294816502921
opened,view,com.adobe.flexbuilder.mxml.editor,4.0.1.277662,"com.adobe.flexbuilder.mxml.editor.states.StatesViewer",1294816502953
activated,view,com.adobe.flexbuilder.mxml.editor,4.0.1.277662,"com.adobe.flexbuilder.mxml.editor.states.StatesViewer",1294816503000
opened,view,com.adobe.flexbuilder.mxml.editor,4.0.1.277662,"com.adobe.flexbuilder.mxml.editor.components.ComponentsView",1294816503062
activated,view,com.adobe.flexbuilder.mxml.editor,4.0.1.277662,"com.adobe.flexbuilder.mxml.editor.components.ComponentsView",1294816503078
opened,view,com.adobe.flexbuilder.mxml.editor,4.0.1.277662,"com.adobe.flexbuilder.mxml.editor.inspector.view.PropertiesView",1294816503109
activated,view,com.adobe.flexbuilder.mxml.editor,4.0.1.277662,"com.adobe.flexbuilder.mxml.editor.inspector.view.PropertiesView",1294816503171
opened,view,com.adobe.flexbuilder.mxml.editor,4.0.1.277662,"com.adobe.flexbuilder.mxml.editor.AppearanceView",1294816503328
activated,view,com.adobe.flexbuilder.as.editor,4.0.1.277662,"com.adobe.flexbuilder.packageexplorer",1294816503343
activated,view,org.eclipse.ui.ide,3.6.1.M20100825-0800,"org.eclipse.ui.views.ProblemView",1294816503375
activated,view,com.adobe.flexbuilder.mxml.editor,4.0.1.277662,"com.adobe.flexbuilder.mxml.editor.states.StatesViewer",1294816503390
activated,editor,com.adobe.flexbuilder.mxml.editor,4.0.1.277662,"com.adobe.flexbuilder.editors.mxml.MXMLEditor",1294816503406
deactivated,workbench,org.eclipse.ui.workbench,3.6.1.M20100826-1330,"",1294816504468
activated,workbench,org.eclipse.ui.workbench,3.6.1.M20100826-1330,"",1294816504859
activated,view,org.eclipse.ui.ide,3.6.1.M20100825-0800,"org.eclipse.ui.views.ProblemView",1294816504875
activated,view,com.adobe.flexbuilder.mxml.editor,4.0.1.277662,"com.adobe.flexbuilder.mxml.editor.components.ComponentsView",1294816506281
deactivated,workbench,org.eclipse.ui.workbench,3.6.1.M20100826-1330,"",1294816537937
activated,workbench,org.eclipse.ui.workbench,3.6.1.M20100826-1330,"",1294816538250
closed,workbench,org.eclipse.ui.workbench,3.6.1.M20100826-1330,"",1294816539187
started,bundle,org.eclipse.compare,3.5.100.I20100526-0800,"org.eclipse.compare",1294816539609
stopped,bundle,org.eclipse.mylyn.ide.ant,3.4.0.v20100608-0100-e3x,"org.eclipse.mylyn.ide.ant",1294816540156
stopped,bundle,org.eclipse.ant.ui,3.5.0.v20100427,"org.eclipse.ant.ui",1294816540156
stopped,bundle,org.eclipse.ant.launching,1.0.0.v20100427,"org.eclipse.ant.launching",1294816540250
stopped,bundle,org.eclipse.compare.win32,1.0.100.I20100505-1245,"org.eclipse.compare.win32",1294816540312
stopped,bundle,org.eclipse.equinox.p2.ui.sdk,1.0.100.v20100513,"org.eclipse.equinox.p2.ui.sdk",1294816540343
stopped,bundle,org.eclipse.mylyn.java.tasks,3.4.0.v20100608-0100-e3x,"org.eclipse.mylyn.java.tasks",1294816540390
stopped,bundle,org.eclipse.mylyn.java.ui,3.4.0.v20100608-0100-e3x,"org.eclipse.mylyn.java.ui",1294816540437
stopped,bundle,org.eclipse.jdt.junit,3.6.1.r361_v20100825-0800,"org.eclipse.jdt.junit",1294816540453
stopped,bundle,org.eclipse.jdt.apt.ui,3.3.300.v20100513-0845,"org.eclipse.jdt.apt.ui",1294816540484
stopped,bundle,org.eclipse.jdt.debug.ui,3.5.0.v20100602-0830,"org.eclipse.jdt.debug.ui",1294816540531
stopped,bundle,org.eclipse.jdt.ui,3.6.1.r361_v20100825-0800,"org.eclipse.jdt.ui",1294816540531
stopped,bundle,org.eclipse.wst.dtd.ui,1.0.500.v201004290328,"org.eclipse.wst.dtd.ui",1294816540531
stopped,bundle,org.eclipse.wst.xsd.ui,1.2.303.v201004290328,"org.eclipse.wst.xsd.ui",1294816540562
stopped,bundle,org.eclipse.wst.xml.ui,1.1.102.v201008251905,"org.eclipse.wst.xml.ui",1294816540578
stopped,bundle,org.eclipse.wst.common.ui,1.1.500.v200911190730,"org.eclipse.wst.common.ui",1294816540640
stopped,bundle,org.eclipse.wst.sse.ui,1.2.2.v201008232126,"org.eclipse.wst.sse.ui",1294816540718
stopped,bundle,com.adobe.flexbuilder.ajaxbridge,4.0.1.277662,"com.adobe.flexbuilder.ajaxbridge",1294816540718
